"Month","Datasign","Retailsale","Retailsalesize","Retailsalecountry","Retailsaletown","Caterretailsale","Caterretailsize","Commodityretailsale","Commodityretailsize","Retailsalegryoym","Retailsalesizegryoym","Retailsalecountrygryoym","Retailsaletowngryoym","Caterretailsalegryoym","Caterretailsizegryoym","Commodityretailgryoym","Commodityretailsizegryoym","Status2"
"1993-01","A","1038.30","","","","","","","","","","","","","","","","P"
"1993-02","A","983.40","","","","","","","","","","","","","","","","P"
"1993-03","A","1067.80","","","","","","","","","","","","","","","","P"
"1993-04","A","1071.20","","","","","","","","","","","","","","","","P"
"1993-05","A","1094.40","","","","","","","","","","","","","","","","P"
"1993-06","A","1140.80","","","","","","","","","","","","","","","","P"
"1993-07","A","1087.60","","","","","","","","","","","","","","","","P"
"1993-08","A","1070.80","","","","","","","","","","","","","","","","P"
"1993-09","A","1132.30","","","","","","","","","","","","","","","","P"
"1993-10","A","1160.20","","","","","","","","","","","","","","","","P"
"1993-11","A","1195.60","","","","","","","","","","","","","","","","P"
"1993-12","A","1550.20","","","","","","","","","","","","","","","","P"
"1994-01","A","1192.20","","","","","","","","14.8200","","","","","","","","P"
"1994-02","A","1162.70","","","","","","","","18.2300","","","","","","","","P"
"1994-03","A","1167.50","","","","","","","","9.3400","","","","","","","","P"
"1994-04","A","1170.40","","","","","","","","9.2600","","","","","","","","P"
"1994-05","A","1213.70","","","","","","","","10.9000","","","","","","","","P"
"1994-06","A","1281.10","","","","","","","","12.3000","","","","","","","","P"
"1994-07","A","1251.50","","","","","","","","15.0700","","","","","","","","P"
"1994-08","A","1286.00","","","","","","","","20.1000","","","","","","","","P"
"1994-09","A","1396.20","","","","","","","","23.3100","","","","","","","","P"
"1994-10","A","1444.10","","","","","","","","24.4700","","","","","","","","P"
"1994-11","A","1553.80","","","","","","","","29.9600","","","","","","","","P"
"1994-12","A","1932.20","","","","","","","","24.6400","","","","","","","","P"
"1995-01","A","1602.20","","","","","","","","34.3900","","","","","","","","P"
"1995-02","A","1491.50","","","","","","","","28.2800","","","","","","","","P"
"1995-03","A","1533.30","","","","","","","","31.3300","","","","","","","","P"
"1995-04","A","1548.70","","","","","","","","32.3200","","","","","","","","P"
"1995-05","A","1585.40","","","","","","","","30.6300","","","","","","","","P"
"1995-06","A","1639.70","","","","","","","","27.9900","","","","","","","","P"
"1995-07","A","1623.60","","","","","","","","29.7300","","","","","","","","P"
"1995-08","A","1637.10","","","","","","","","27.3000","","","","","","","","P"
"1995-09","A","1756.00","","","","","","","","25.7700","","","","","","","","P"
"1995-10","A","1818.00","","","","","","","","25.8900","","","","","","","","P"
"1995-11","A","1935.20","","","","","","","","24.5500","","","","","","","","P"
"1995-12","A","2389.50","","","","","","","","23.6700","","","","","","","","P"
"1996-01","A","1909.10","","","","","","","","19.1500","","","","","","","","P"
"1996-02","A","1911.20","","","","","","","","28.1400","","","","","","","","P"
"1996-03","A","1860.10","","","","","","","","21.3100","","","","","","","","P"
"1996-04","A","1854.80","","","","","","","","19.7600","","","","","","","","P"
"1996-05","A","1898.30","","","","","","","","19.7400","","","","","","","","P"
"1996-06","A","1966.00","","","","","","","","19.9000","","","","","","","","P"
"1996-07","A","1888.70","","","","","","","","16.3300","","","","","","","","P"
"1996-08","A","1916.40","","","","","","","","17.0600","","","","","","","","P"
"1996-09","A","2083.50","","","","","","","","18.6500","","","","","","","","P"
"1996-10","A","2148.30","","","","","","","","18.1700","","","","","","","","P"
"1996-11","A","2290.10","","","","","","","","18.3400","","","","","","","","P"
"1996-12","A","2848.60","","","","","","","","19.2100","","","","","","","","P"
"1997-01","A","2288.50","","","","","","","","19.8700","","","","","","","","P"
"1997-02","A","2213.50","","","","","","","","15.8200","","","","","","","","P"
"1997-03","A","2130.90","","","","","","","","14.5600","","","","","","","","P"
"1997-04","A","2100.50","","","","","","","","13.2500","","","","","","","","P"
"1997-05","A","2108.20","","","","","","","","11.0600","","","","","","","","P"
"1997-06","A","2164.70","","","","","","","","10.1100","","","","","","","","P"
"1997-07","A","2102.50","","","","","","","","11.3200","","","","","","","","P"
"1997-08","A","2104.40","","","","","","","","9.8100","","","","","","","","P"
"1997-09","A","2239.60","","","","","","","","7.4900","","","","","","","","P"
"1997-10","A","2348.00","","","","","","","","9.3000","","","","","","","","P"
"1997-11","A","2454.90","","","","","","","","7.2000","","","","","","","","P"
"1997-12","A","2881.70","","","","","","","","1.1600","","","","","","","","P"
"1998-01","A","2549.50","","","","","","","","11.4000","","","","","","","","P"
"1998-02","A","2306.40","","","","","","","","4.2000","","","","","","","","P"
"1998-03","A","2279.70","","","","","","","","6.9800","","","","","","","","P"
"1998-04","A","2252.70","","","","","","","","7.2500","","","","","","","","P"
"1998-05","A","2265.20","","","","","","","","7.4500","","","","","","","","P"
"1998-06","A","2326.00","","","","","","","","7.4500","","","","","","","","P"
"1998-07","A","2286.10","","","","","","","","8.7300","","","","","","","","P"
"1998-08","A","2314.60","","","","","","","","9.9900","","","","","","","","P"
"1998-09","A","2443.10","","","","","","","","9.0900","","","","","","","","P"
"1998-10","A","2536.00","","","","","","","","8.0100","","","","","","","","P"
"1998-11","A","2652.20","","","","","","","","8.0400","","","","","","","","P"
"1998-12","A","3131.40","","","","","","","","8.6700","","","","","","","","P"
"1999-01","A","2662.10","","","","","","","","4.4200","","","","","","","","P"
"1999-02","A","2538.40","","","","","","","","10.0600","","","","","","","","P"
"1999-03","A","2403.10","","","","","","","","5.4100","","","","","","","","P"
"1999-04","A","2356.80","","","","","","","","4.6200","","","","","","","","P"
"1999-05","A","2364.00","","","","","","","","4.3600","","","","","","","","P"
"1999-06","A","2428.80","","","","","","","","4.4200","","","","","","","","P"
"1999-07","B","17133.50","","","","","","","","","","","","","","","","P"
"1999-07","A","2380.30","","","","","","","","4.1200","","","","","","","","P"
"1999-08","B","19544.40","","","","","","","","","","","","","","","","P"
"1999-08","A","2410.90","","","","","","","","4.1600","","","","","","","","P"
"1999-09","B","22148.70","","","","","","","","","","","","","","","","P"
"1999-09","A","2604.30","","","","","","","","6.6000","","","","","","","","P"
"1999-10","B","24892.60","","","","","","","","","","","","","","","","P"
"1999-10","A","2743.90","","","","","","","","8.2000","","","","","","","","P"
"1999-11","A","2859.10","","","","","","","","7.8000","","","","","","","","P"
"1999-11","B","27751.70","","","","","","","","","","","","","","","","P"
"1999-12","A","3383.00","","","","","","","","8.0300","","","","","","","","P"
"1999-12","B","31134.70","","","","","","","","","","","","","","","","P"
"2000-01","B","2962.90","","","","","","","","","","","","","","","","P"
"2000-01","A","2962.90","","","","","","","","11.3000","","","","","","","","P"
"2000-02","A","2804.90","","","","","","","","10.5000","","","","","","","","P"
"2000-02","B","5767.80","","","","","","","","","","","","","","","","P"
"2000-03","A","2626.60","","","","","","","","9.3000","","","","","","","","P"
"2000-03","B","8394.40","","","","","","","","","","","","","","","","P"
"2000-04","B","10965.90","","","","","","","","","","","","","","","","P"
"2000-04","A","2571.50","","","","","","","","9.1100","","","","","","","","P"
"2000-05","A","2636.90","","","","","","","","11.5400","","","","","","","","P"
"2000-05","B","13602.80","","","","","","","","","","","","","","","","P"
"2000-06","A","2645.20","","","","","","","","8.9100","","","","","","","","P"
"2000-06","B","16248.00","","","","","","","","","","","","","","","","P"
"2000-07","B","18844.90","","","","","","","","9.9900","","","","","","","","P"
"2000-07","A","2596.90","","","","","","","","9.1000","","","","","","","","P"
"2000-08","A","2636.30","","","","","","","","9.3500","","","","","","","","P"
"2000-08","B","21481.20","","","","","","","","9.9100","","","","","","","","P"
"2000-09","A","2854.30","","","","","","","","9.6000","","","","","","","","P"
"2000-09","B","24335.50","","","","","","","","9.8700","","","","","","","","P"
"2000-10","B","27364.80","","","","","","","","9.9300","","","","","","","","P"
"2000-10","A","3029.30","","","","","","","","10.4000","","","","","","","","P"
"2000-11","A","3107.80","","","","","","","","8.7000","","","","","","","","P"
"2000-11","B","30472.60","","","","","","","","9.8000","","","","","","","","P"
"2000-12","A","3680.00","","","","","","","","8.7800","","","","","","","","P"
"2000-12","B","34152.60","","","","","","","","9.6900","","","","","","","","P"
"2001-01","B","3332.80","","","","","","","","12.4800","","","","","","","","P"
"2001-01","A","3332.80","","","","","","","","12.4800","","","","","","","","P"
"2001-02","B","6379.90","","","","","","","","10.6100","","","","","","","","P"
"2001-02","A","3047.10","","","","","","","","8.6300","","","","","","","","P"
"2001-03","A","2876.10","","","","","","","","9.5000","","","","","","","","P"
"2001-03","B","9256.00","","","","","","","","10.2600","","","","","","","","P"
"2001-04","B","12076.90","","","","","","","","10.1300","","","","","","","","P"
"2001-04","A","2820.90","","","","","","","","9.7000","","","","","","","","P"
"2001-05","A","2929.60","","","","","","","","11.1000","","","","","","","","P"
"2001-05","B","15006.50","","","","","","","","10.3200","","","","","","","","P"
"2001-06","B","17915.20","","","","","","","","10.2600","","","","","","","","P"
"2001-06","A","2908.70","","","","","","","","9.9600","","","","","","","","P"
"2001-07","B","20766.60","","","","","","","","10.2000","","","","","","","","P"
"2001-07","A","2851.40","","","","","","","","9.8000","","","","","","","","P"
"2001-08","A","2889.40","","","","","","","","9.6000","","","","","","","","P"
"2001-08","B","23656.00","","","","","","","","10.1200","","","","","","","","P"
"2001-09","A","3136.90","","","","","","","","9.9000","","","","","","","","P"
"2001-09","B","26792.90","","","","","","","","10.1000","","","","","","","","P"
"2001-10","B","30140.20","","","","","","","","10.1400","","","","","","","","P"
"2001-10","A","3347.30","","","","","","","","10.5000","","","","","","","","P"
"2001-11","A","3421.70","","","","","","","","10.1000","","","","","","","","P"
"2001-11","B","33561.90","","","","","","","","10.1400","","","","","","","","P"
"2001-12","B","37595.20","","","","","","","","10.0800","","","","","","","","P"
"2001-12","A","4033.30","","","","","","","","9.6000","","","","","","","","P"
"2002-01","B","3552.20","","","","","","","","6.5800","","","","","","","","P"
"2002-01","A","3552.20","","","","","","","","6.5800","","","","","","","","P"
"2002-02","A","3416.00","","","","","","","","12.1100","","","","","","","","P"
"2002-02","B","6970.00","","","","","","","","9.2500","","","","","","","","P"
"2002-03","A","3197.40","","","","","","","","11.1700","","","","","","","","P"
"2002-03","B","10168.20","","","","","","","","9.8600","","","","","","","","P"
"2002-04","B","13331.50","","","","","","","","10.3900","","","","","","","","P"
"2002-04","A","3163.30","","","","","","","","12.1400","","","","","","","","P"
"2002-05","B","16652.00","","","","","","","","10.9700","","","","","","","","P"
"2002-05","A","3320.50","","","","","","","","13.3400","","","","","","","","P"
"2002-06","A","3302.80","","","","","","","","13.5500","","","","","","","","P"
"2002-06","B","19954.80","","","","","","","","11.3800","","","","","","","","P"
"2002-07","B","23199.00","","","","","","","","11.7100","","","","","","","","P"
"2002-07","A","3244.20","","","","","","","","13.7800","","","","","","","","P"
"2002-08","B","26483.40","","","","","","","","11.9500","","","","","","","","P"
"2002-08","A","3284.40","","","","","","","","13.6700","","","","","","","","P"
"2002-09","B","30110.60","","","","","","","","12.3800","","","","","","","","P"
"2002-09","A","3627.20","","","","","","","","15.6300","","","","","","","","P"
"2002-10","B","33925.80","","","","","","","","12.5600","","","","","","","","P"
"2002-10","A","3815.20","","","","","","","","13.9800","","","","","","","","P"
"2002-11","B","37756.90","","","","","","","","12.5000","","","","","","","","P"
"2002-11","A","3831.10","","","","","","","","11.9600","","","","","","","","P"
"2002-12","A","4270.20","","","","","","","","5.8700","","","","","","","","P"
"2002-12","B","42027.10","","","","","","","","11.7900","","","","","","","","P"
"2003-01","A","4087.10","","","","","","","","15.0600","","","","","","","","P"
"2003-01","B","4087.10","","","","","","","","15.0600","","","","","","","","P"
"2003-02","B","7943.70","","","","","","","","13.9700","","","","","","","","P"
"2003-02","A","3856.60","","","","","","","","12.9000","","","","","","","","P"
"2003-03","B","11588.90","","","","","","","","13.9700","","","","","","","","P"
"2003-03","A","3645.20","","","","","","","","14.0100","","","","","","","","P"
"2003-04","A","3535.20","","","","","","","","11.7600","","","","","","","","P"
"2003-04","B","15124.10","","","","","","","","13.4500","","","","","","","","P"
"2003-05","B","18660.70","","","","","","","","12.0600","","","","","","","","P"
"2003-05","A","3536.60","","","","","","","","6.5100","","","","","","","","P"
"2003-06","B","22392.70","","","","","","","","12.2200","","","","","","","","P"
"2003-06","A","3732.00","","","","","","","","13.0000","","","","","","","","P"
"2003-07","A","3718.40","","","","","","","","14.6200","","","","","","","","P"
"2003-07","B","26111.10","","","","","","","","12.5500","","","","","","","","P"
"2003-08","A","3769.00","","","","","","","","14.7500","","","","","","","","P"
"2003-08","B","29880.10","","","","","","","","12.8300","","","","","","","","P"
"2003-09","A","4139.00","","","","","","","","14.1100","","","","","","","","P"
"2003-09","B","32699.20","","","","","","","","8.6000","","","","","","","","P"
"2003-10","B","38384.50","","","","","","","","13.1400","","","","","","","","P"
"2003-10","A","4365.40","","","","","","","","14.4200","","","","","","","","P"
"2003-11","A","4358.60","","","","","","","","13.7700","","","","","","","","P"
"2003-11","B","42743.10","","","","","","","","13.2100","","","","","","","","P"
"2003-12","B","47602.10","","","","","","","","13.2700","","","","","","","","P"
"2003-12","A","4859.00","","","","","","","","13.7900","","","","","","","","P"
"2004-01","B","4753.40","","","","","","","","16.3000","","","","","","","","P"
"2004-01","A","4753.40","","","","","","","","16.3000","","","","","","","","P"
"2004-02","A","4328.30","","","","","","","","12.2300","","","","","","","","P"
"2004-02","B","9081.70","","","","","","","","14.3300","","","","","","","","P"
"2004-03","A","4213.40","","","","","","","","15.5900","","","","","","","","P"
"2004-03","B","13295.10","","","","","","","","14.7200","","","","","","","","P"
"2004-04","B","17451.30","","","","","","","","15.3900","","","","","","","","P"
"2004-04","A","4156.20","","","","","","","","17.5700","","","","","","","","P"
"2004-05","B","21794.60","","","","","","","","16.7900","","","","","","","","P"
"2004-05","A","4343.30","","","","","","","","22.8100","","","","","","","","P"
"2004-06","A","4371.10","","","","","","","","17.1200","","","","","","","","P"
"2004-06","B","26165.70","","","","","","","","16.8500","","","","","","","","P"
"2004-07","A","4378.80","","","","","","","","17.7600","","","","","","","","P"
"2004-07","B","30544.50","","","","","","","","16.9800","","","","","","","","P"
"2004-08","B","35025.20","","","","","","","","17.2200","","","","","","","","P"
"2004-08","A","4480.70","","","","","","","","18.8800","","","","","","","","P"
"2004-09","B","39901.20","","","","","","","","22.0300","","","","","","","","P"
"2004-09","A","4876.00","","","","","","","","17.8100","","","","","","","","P"
"2004-10","B","45084.40","","","","","","","","17.4500","","","","","","","","P"
"2004-10","A","5183.20","","","","","","","","18.7300","","","","","","","","P"
"2004-11","B","50341.50","","","","","","","","17.7800","","","","","","","","P"
"2004-11","A","5257.10","","","","","","","","20.6100","","","","","","","","P"
"2004-12","B","59501.00","","","","","","","","25.0000","","","","","","","","P"
"2004-12","A","6089.20","","","","","","","","25.3200","","","","","","","","P"
"2005-01","B","5750.30","","","","","","","","20.9700","","","","","","","","P"
"2005-01","A","5750.30","","","","","","","","20.9700","","","","","","","","P"
"2005-02","B","11238.60","","","","","","","","23.7500","","","","","","","","P"
"2005-02","A","5488.30","","","","","","","","26.8000","","","","","","","","P"
"2005-03","A","5105.40","","","","","","","","21.1700","","","","","","","","P"
"2005-03","B","16344.00","","","","","","","","22.9300","","","","","","","","P"
"2005-04","B","21429.30","","","","","","","","22.7900","","","","","","","","P"
"2005-04","A","5085.30","","","","","","","","22.3500","","","","","","","","P"
"2005-05","A","5407.70","","","","","","","","24.5100","","","","","","","","P"
"2005-05","B","26837.00","","","","","","","","23.1400","","","","","","","","P"
"2005-06","A","5318.50","","","","","","","","21.6700","","","","","","","","P"
"2005-06","B","32155.50","","","","","","","","22.8900","","","","","","","","P"
"2005-07","B","37442.30","","","","","","","","22.5800","","","","","","","","P"
"2005-07","A","5286.80","","","","","","","","20.7400","","","","","","","","P"
"2005-08","B","42782.70","","","","","","","","22.1500","","","","","","","","P"
"2005-08","A","5340.40","","","","","","","","19.1900","","","","","","","","P"
"2005-09","B","48536.30","","","","","","","","21.6400","","","","","","","","P"
"2005-09","A","5753.60","","","","","","","","18.0000","","","","","","","","P"
"2005-10","B","54655.90","","","","","","","","21.2300","","","","","","","","P"
"2005-10","A","6119.60","","","","","","","","18.0700","","","","","","","","P"
"2005-11","A","5978.70","","","","","","","","13.7300","","","","","","","","P"
"2005-11","B","60634.60","","","","","","","","20.4500","","","","","","","","P"
"2005-12","B","67176.60","","","","","","","","12.9000","","","","","","","","P"
"2005-12","A","6542.00","","","","","","","","7.4400","","","","","","","","P"
"2006-01","A","6641.60","","","","","","","","15.5000","","","","","","","","P"
"2006-01","B","6641.60","","","","","","","","15.5000","","","","","","","","P"
"2006-02","A","6001.90","","","","","","","","9.4000","","","","","","","","P"
"2006-02","B","12643.50","","","","","","","","12.5000","","","","","","","","P"
"2006-03","B","18440.20","","","","","","","","12.8000","","","","","","","","P"
"2006-03","A","5796.70","","","","","","","","13.5000","","","","","","","","P"
"2006-04","A","5774.60","","","","","","","","13.6000","","","","","","","","P"
"2006-04","B","24214.80","","","","","","","","13.0000","","","","","","","","P"
"2006-05","B","30390.40","","","","","","","","13.2000","","","","","","","","P"
"2006-05","A","6175.60","","","","","","","","14.2000","","","","","","","","P"
"2006-06","A","6057.80","","","","","","","","13.9000","","","","","","","","P"
"2006-06","B","36448.20","","","","","","","","13.3000","","","","","","","","P"
"2006-07","A","6012.20","","","","","","","","13.7000","","","","","","","","P"
"2006-07","B","42460.40","","","","","","","","13.4000","","","","","","","","P"
"2006-08","B","48537.80","","","","","","","","13.5000","","","","","","","","P"
"2006-08","A","6077.40","","","","","","","","13.8000","","","","","","","","P"
"2006-09","A","6553.60","","","","","","","","13.9000","","","","","","","","P"
"2006-09","B","55091.40","","","","","","","","13.5000","","","","","","","","P"
"2006-10","B","62089.10","","","","","","","","13.6000","","","","","","","","P"
"2006-10","A","6997.70","","","","","","","","14.3000","","","","","","","","P"
"2006-11","B","68910.80","","","","","","","","13.6000","","","","","","","","P"
"2006-11","A","6821.70","","","","","","","","14.1000","","","","","","","","P"
"2006-12","A","7499.20","","","","","","","","14.6000","","","","","","","","P"
"2006-12","B","76410.00","","","","","","","","13.7000","","","","","","","","P"
"2007-01","B","7488.30","","","","","","","","12.7000","","","","","","","","P"
"2007-01","A","7488.30","","","","","","","","12.7000","","","","","","","","P"
"2007-02","A","7013.70","","","","","","","","16.9000","","","","","","","","P"
"2007-02","B","14502.00","","","","","","","","14.7000","","","","","","","","P"
"2007-03","A","6685.80","","","","","","","","15.3000","","","","","","","","P"
"2007-03","B","21187.80","","","","","","","","14.9000","","","","","","","","P"
"2007-04","B","27860.30","","","","","","","","15.1000","","","","","","","","P"
"2007-04","A","6672.50","","","","","","","","15.5000","","","","","","","","P"
"2007-05","A","7157.50","","","","","","","","15.9000","","","","","","","","P"
"2007-05","B","35017.80","","","","","","","","15.2000","","","","","","","","P"
"2007-06","A","7026.00","","","","","","","","16.0000","","","","","","","","P"
"2007-06","B","42043.80","","","","","","","","15.4000","","","","","","","","P"
"2007-07","B","49042.00","","","","","","","","15.5000","","","","","","","","P"
"2007-07","A","6998.20","","","","","","","","16.4000","","","","","","","","P"
"2007-08","A","7116.60","","","","","","","","17.1000","","","","","","","","P"
"2007-08","B","56158.60","","","","","","","","15.7000","","","","","","","","P"
"2007-09","A","7668.40","","","","","","","","17.0000","","","","","","","","P"
"2007-09","B","63827.00","","","","","","","","15.9000","","","","","","","","P"
"2007-10","A","8263.00","","","","","","","","18.1000","","","","","","","","P"
"2007-10","B","72090.00","","","","","","","","16.1000","","","","","","","","P"
"2007-11","A","8104.70","","","","","","","","18.8000","","","","","","","","P"
"2007-11","B","80194.70","","","","","","","","16.4000","","","","","","","","P"
"2007-12","B","89210.00","","","","","","","","16.8000","","","","","","","","P"
"2007-12","A","9015.30","","","","","","","","20.2000","","","","","","","","P"
"2008-01","B","9077.30","","","","","","","","21.2000","","","","","","","","P"
"2008-01","A","9077.30","","","","","","","","21.2000","","","","","","","","P"
"2008-02","A","8354.70","","","","","","","","19.1000","","","","","","","","P"
"2008-02","B","17432.00","","","","","","","","20.2000","","","","","","","","P"
"2008-03","B","25555.20","","","","","","","","20.6000","","","","","","","","P"
"2008-03","A","8123.20","","","","","","","","21.5000","","","","","","","","P"
"2008-04","B","33697.20","","","","","","","","21.0000","","","","","","","","P"
"2008-04","A","8142.00","","","","","","","","22.0000","","","","","","","","P"
"2008-05","A","8703.50","","","","","","","","21.6000","","","","","","","","P"
"2008-05","B","42400.70","","","","","","","","21.1000","","","","","","","","P"
"2008-06","A","8642.00","","","","","","","","23.0000","","","","","","","","P"
"2008-06","B","51042.70","","","","","","","","21.4000","","","","","","","","P"
"2008-07","A","8628.80","","","","","","","","23.3000","","","","","","","","P"
"2008-07","B","59671.50","","","","","","","","21.7000","","","","","","","","P"
"2008-08","A","8767.70","","","","","","","","23.2000","","","","","","","","P"
"2008-08","B","68439.20","","","","","","","","21.9000","","","","","","","","P"
"2008-09","A","9446.50","","","","","","","","23.2000","","","","","","","","P"
"2008-09","B","77885.70","","","","","","","","22.0000","","","","","","","","P"
"2008-10","A","10082.70","","","","","","","","22.0000","","","","","","","","P"
"2008-10","B","87968.40","","","","","","","","22.0000","","","","","","","","P"
"2008-11","B","97759.20","","","","","","","","21.9000","","","","","","","","P"
"2008-11","A","9790.80","","","","","","","","20.8000","","","","","","","","P"
"2008-12","A","10728.50","","","","","","","","19.0000","","","","","","","","P"
"2008-12","B","108487.70","","","","","","","","21.6000","","","","","","","","P"
"2009-01","B","10756.60","","","","","","","","18.5000","","","","","","","","P"
"2009-01","A","10756.60","","","","","","","","18.5000","","","","","","","","P"
"2009-02","A","9323.80","","","","","","","","11.6000","","","","","","","","P"
"2009-02","B","20080.40","","","","","","","","15.2000","","","","","","","","P"
"2009-03","B","29398.00","","","","","","","","15.0000","","","","","","","","P"
"2009-03","A","9317.60","","","","","","","","14.7000","","","","","","","","P"
"2009-04","B","38741.20","","","","","","","","15.0000","","","","","","","","P"
"2009-04","A","9343.20","","","","","","","","14.8000","","","","","","","","P"
"2009-05","A","10028.40","","","","","","","","15.2000","","","","","","","","P"
"2009-05","B","48769.60","","","","","","","","15.0000","","","","","","","","P"
"2009-06","A","9941.60","","","","","","","","15.0000","","","","","","","","P"
"2009-06","B","58711.20","","","","","","","","15.0000","","","","","","","","P"
"2009-07","B","68647.70","","","","","","","","15.0000","","","","","","","","P"
"2009-07","A","9936.50","","","","","","","","15.2000","","","","","","","","P"
"2009-08","A","10115.60","","","","","","","","15.4000","","","","","","","","P"
"2009-08","B","78763.30","","","","","","","","15.1000","","","","","","","","P"
"2009-09","B","89676.10","","","","","","","","15.1000","","","","","","","","P"
"2009-09","A","10912.80","","","","","","","","15.5000","","","","","","","","P"
"2009-10","A","11717.60","","","","","","","","16.2000","","","","","","","","P"
"2009-10","B","101393.70","","","","","","","","15.3000","","","","","","","","P"
"2009-11","A","11339.00","","","","","","","","15.8000","","","","","","","","P"
"2009-11","B","112732.70","","","","","","","","15.3000","","","","","","","","P"
"2009-12","A","12610.00","","","","","","","","17.5000","","","","","","","","P"
"2009-12","B","125342.70","","","","","","","","15.5000","","","","","","","","P"
"2010-01","A","12718.10","","2201.10","10517.00","1425.60","","11292.50","","14.0000","","13.7000","14.1000","13.7000","","14.1000","","P"
"2010-01","B","12718.10","","2201.10","10517.00","1425.60","","11292.50","4487.70","14.0000","","13.7000","14.1000","13.7000","","14.1000","21.0000","P"
"2010-02","A","12334.20","","2102.60","10231.60","1380.80","","10953.40","4223.30","22.1000","","17.6000","23.1000","21.2000","","22.2000","39.3000","P"
"2010-02","B","25052.30","","4303.70","20748.60","2806.40","","22245.90","8710.50","17.9000","","15.5000","18.4000","17.3000","","17.9000","29.2000","P"
"2010-03","A","11321.70","","1499.60","9822.10","1270.80","","10050.90","4162.90","18.0000","","15.1000","18.5000","15.3000","","18.4000","30.4000","P"
"2010-03","B","36374.00","","5803.30","30570.70","4077.20","","32296.80","12877.20","17.9000","","15.4000","18.4000","16.7000","","18.1000","29.6000","P"
"2010-04","B","47884.40","","7333.80","40550.60","5342.60","","42541.80","17168.30","18.1000","","15.5000","18.5000","16.7000","","18.2000","30.0000","P"
"2010-04","A","11510.40","","1530.50","9979.90","1265.40","","10245.00","4293.00","18.5000","","16.0000","18.9000","17.0000","","18.7000","31.3000","P"
"2010-05","B","60339.50","","8970.60","51368.90","6776.30","","53563.20","21836.20","18.2000","","15.6000","18.6000","16.7000","","18.4000","30.2000","P"
"2010-05","A","12455.10","","1636.80","10818.30","1433.70","","11021.40","4668.50","18.7000","","15.8000","19.1000","16.7000","","18.9000","31.1000","P"
"2010-06","B","72669.40","","10009.70","62659.70","8180.90","","64488.50","26464.80","18.2000","","15.6000","18.6000","16.9000","","18.4000","30.0000","P"
"2010-06","A","12329.90","","1614.70","10715.20","1404.60","","10925.30","4569.50","18.3000","","15.9000","18.7000","17.7000","","18.4000","28.3000","P"
"2010-07","B","84922.20","","11607.40","73314.80","9595.20","","75327.00","31004.70","18.2000","","15.6000","18.6000","17.1000","","18.3000","29.4000","P"
"2010-07","A","12252.80","","1597.70","10655.10","1414.30","","10838.50","4551.50","17.9000","","16.1000","18.2000","18.2000","","17.9000","26.0000","P"
"2010-08","B","97492.00","","13247.30","84244.70","11065.70","","86426.30","35757.60","18.2000","","15.7000","18.6000","17.3000","","18.3000","29.3000","P"
"2010-08","A","12569.80","","1639.90","10929.90","1470.50","","11099.30","4739.20","18.4000","","15.9000","18.8000","18.8000","","18.4000","28.1000","P"
"2010-09","A","13536.50","","1794.00","11742.50","1566.00","","11970.50","5155.60","18.8000","","17.0000","19.1000","19.8000","","18.7000","29.3000","P"
"2010-09","B","111028.50","","15041.30","95987.20","12631.70","","98396.80","40945.20","18.3000","","15.8000","18.7000","17.6000","","18.4000","29.3000","P"
"2010-10","B","125313.30","","16930.60","108382.70","14312.40","","111000.90","46330.80","18.3000","","15.9000","18.7000","17.8000","","18.4000","29.3000","P"
"2010-10","A","14284.80","","1889.30","12395.50","1680.70","","12604.10","5382.10","18.6000","","16.8000","18.9000","19.4000","","18.5000","29.6000","P"
"2010-11","A","13910.90","","1864.50","12046.40","1601.20","","12309.70","5400.30","18.7000","","17.0000","19.0000","19.6000","","18.6000","30.7000","P"
"2010-11","B","139224.20","","18795.10","120429.10","15913.60","","123310.60","51731.00","18.4000","","16.0000","18.7000","18.0000","","18.4000","29.5000","P"
"2010-12","A","15329.50","","2069.70","13259.80","1721.90","","13607.60","6324.70","19.1000","","17.0000","19.5000","18.3000","","19.3000","33.0000","P"
"2010-12","B","154553.70","","20864.80","133688.90","17635.50","","136918.20","58055.70","18.4000","","16.1000","18.8000","18.0000","","18.5000","29.9000","P"
"2011-01","A","15249.00","6942.50","1993.00","13256.00","1686.80","689.00","13562.20","6253.50","19.9000","27.8000","19.6000","20.0000","18.3000","24.4000","20.1000","28.1000","P"
"2011-01","B","","","","","","","","6253.50","","","","","","","","28.4000","P"
"2011-02","B","29018.10","12724.00","3844.90","25173.20","3241.30","983.00","25776.80","11741.00","15.8000","20.7000","15.4000","15.9000","15.5000","18.5000","15.9000","20.9000","P"
"2011-02","A","13769.10","5781.00","1851.90","11917.20","1554.50","474.00","12214.60","5307.00","11.6000","13.0000","11.2000","11.7000","12.6000","12.7000","11.5000","13.0000","P"
"2011-03","B","42921.80","19040.00","5674.00","37247.80","4782.50","1453.00","38139.30","17587.00","16.3000","22.5000","15.8000","16.4000","15.3000","18.0000","16.5000","23.0000","P"
"2011-03","A","13588.00","6323.00","1787.20","11800.80","1506.00","473.00","12082.00","5851.00","17.4000","24.7000","16.7000","17.5000","15.0000","17.6000","17.7000","25.3000","P"
"2011-04","B","56570.80","25434.00","7476.50","49094.30","6279.20","1917.00","50291.60","23517.00","16.5000","22.9000","15.9000","16.6000","15.7000","18.0000","16.6000","23.4000","P"
"2011-04","A","13649.00","6418.00","1802.50","11846.50","1496.70","464.00","12152.30","5954.00","17.1000","23.4000","16.3000","17.3000","16.7000","18.0000","17.2000","23.8000","P"
"2011-05","B","71267.60","32222.00","9401.40","61866.20","7918.60","2413.00","63349.00","29809.00","16.6000","22.9000","16.0000","16.7000","16.0000","18.0000","16.7000","23.3000","P"
"2011-05","A","14696.80","6787.00","1924.90","12771.90","1639.40","496.00","13057.40","6291.00","16.9000","22.7000","16.5000","17.0000","17.1000","18.3000","16.9000","23.0000","P"
"2011-06","B","85832.70","39034.00","11382.50","74450.20","9579.30","2926.00","76253.40","36108.00","16.8000","23.7000","16.2000","16.9000","16.2000","18.4000","16.9000","24.2000","P"
"2011-06","A","14565.10","6834.00","1981.10","12584.00","1660.70","513.00","12904.40","6321.00","17.7000","25.4000","16.8000","17.8000","17.5000","20.4000","17.7000","25.8000","P"
"2011-07","A","14408.00","6690.00","1918.50","12489.50","1627.10","519.00","12780.90","6171.00","17.2000","23.3000","16.4000","17.3000","17.1000","19.5000","17.2000","23.6000","P"
"2011-07","B","100240.70","45722.00","13301.00","86939.70","11206.40","3445.00","89034.30","42277.00","16.8000","23.7000","16.2000","16.9000","16.3000","18.6000","16.9000","24.1000","P"
"2011-08","A","14705.00","6902.00","1921.90","12783.10","1716.60","539.00","12988.40","6364.00","17.0000","22.1000","16.4000","17.1000","16.7000","17.7000","17.0000","22.5000","P"
"2011-08","B","114945.70","52614.00","15222.90","99722.80","12923.00","3977.00","102022.70","48637.00","16.9000","23.5000","16.2000","17.0000","16.4000","18.5000","16.9000","23.9000","P"
"2011-09","A","15865.10","7550.00","2322.60","13542.50","1814.10","574.00","14051.00","6976.00","17.7000","24.7000","17.3000","17.8000","17.1000","19.7000","17.8000","25.1000","P"
"2011-09","B","130810.80","60165.00","17545.60","113265.20","14737.10","4559.00","116073.70","55607.00","17.0000","23.5000","16.4000","17.1000","16.5000","18.8000","17.0000","24.3000","P"
"2011-10","B","147357.20","67792.00","19737.00","127620.20","16681.90","5160.00","130675.30","62632.00","17.0000","23.0000","16.5000","17.1000","16.5000","18.8000","17.1000","23.4000","P"
"2011-10","A","16546.40","7629.00","2191.40","14355.00","1944.80","601.00","14601.60","7027.00","17.2000","21.3000","17.4000","17.2000","17.1000","19.2000","17.3000","21.5000","P"
"2011-11","A","16128.90","7745.00","2160.40","13968.50","1864.80","606.00","14264.10","7138.00","17.3000","21.5000","17.2000","17.3000","17.7000","22.6000","17.2000","21.4000","P"
"2011-11","B","163486.10","75548.00","21897.40","141588.70","18546.70","5767.00","144939.40","69781.00","17.0000","22.8000","16.6000","17.1000","16.7000","19.2000","17.1000","23.2000","P"
"2011-12","A","17739.70","9053.00","2420.10","15319.60","1996.60","672.00","15743.10","8381.00","18.1000","23.2000","17.8000","18.2000","18.6000","24.7000","18.1000","23.1000","P"
"2011-12","B","181225.80","84609.00","24317.50","156908.30","20543.30","6445.00","160682.50","78164.00","17.1000","22.9000","16.7000","17.2000","16.9000","19.7000","17.2000","23.2000","P"
"2012-02","B","33668.60","15238.00","4543.70","29124.90","3717.30","1184.00","29951.30","14054.00","14.7000","14.9000","14.6000","14.7000","13.3000","14.0000","14.9000","15.0000","P"
"2012-03","B","49318.80","22921.00","6630.50","42688.30","5426.90","1743.00","43891.90","21177.00","14.8000","15.6000","14.6000","14.9000","13.3000","14.2000","15.0000","15.7000","P"
"2012-03","A","15650.20","7686.00","2086.80","13563.40","1709.60","564.00","13940.60","7122.00","15.2000","16.9000","14.6000","15.2000","13.4000","14.7000","15.4000","17.1000","P"
"2012-04","B","64921.90","30413.00","8679.90","56242.00","7116.00","2304.00","57805.90","28109.00","14.7000","15.3000","14.6000","14.7000","13.3000","13.7000","14.8000","15.5000","P"
"2012-04","A","15603.10","7483.00","2049.40","13553.70","1689.10","555.00","13914.00","6928.00","14.1000","14.6000","14.5000","14.0000","13.0000","12.1000","14.2000","14.8000","P"
"2012-05","B","81636.70","38321.00","10858.70","70778.00","8960.10","2901.00","72676.60","35420.00","14.5000","15.1000","14.5000","14.5000","13.2000","13.3000","14.6000","15.2000","P"
"2012-05","A","16714.80","7923.00","2178.80","14536.00","1844.10","596.00","14870.70","7326.00","13.8000","14.0000","14.3000","13.7000","12.9000","11.9000","13.9000","14.1000","P"
"2012-06","B","98221.60","46592.00","13098.50","85123.10","10836.60","3527.00","87385.00","43065.00","14.4000","14.9000","14.5000","14.3000","13.2000","13.3000","14.5000","15.0000","P"
"2012-06","A","16584.90","8223.00","2239.80","14345.10","1876.50","627.00","14708.40","7596.00","13.7000","14.0000","14.0000","13.7000","13.2000","13.1000","13.8000","14.1000","P"
"2012-07","A","16314.90","7812.00","2160.30","14154.60","1828.90","620.00","14486.00","7192.00","13.1000","13.0000","13.6000","13.1000","12.7000","11.5000","13.2000","13.1000","P"
"2012-07","B","114536.50","54264.00","15258.80","99277.70","12665.50","4142.00","101871.00","50122.00","14.2000","14.6000","14.3000","14.2000","13.1000","13.0000","14.3000","14.7000","P"
"2012-08","B","131195.40","62622.00","17435.80","113759.60","14601.70","4819.00","116593.70","57803.00","14.1000","14.4000","14.3000","14.0000","13.1000","12.8000","14.2000","14.5000","P"
"2012-08","A","16658.90","8149.00","2177.00","14481.90","1936.20","663.00","14722.70","7486.00","13.2000","13.1000","14.3000","13.1000","13.1000","11.8000","13.3000","13.2000","P"
"2012-09","B","149422.00","71580.00","20090.10","129331.90","16673.20","5514.00","132748.80","66066.00","14.1000","14.4000","14.4000","14.0000","13.2000","12.9000","14.2000","14.6000","P"
"2012-09","A","18226.60","8931.00","2654.30","15572.30","2071.50","694.00","16155.10","8237.00","14.2000","14.7000","14.7000","14.2000","13.9000","13.1000","14.3000","14.8000","P"
"2012-10","A","18933.80","9023.00","2490.40","16443.40","2207.30","707.00","16726.50","8316.00","14.5000","14.8000","14.8000","14.5000","14.0000","11.7000","14.6000","15.0000","P"
"2012-10","B","168355.80","80601.00","22580.50","145775.30","18880.50","6220.00","149475.30","74381.00","14.1000","14.5000","14.4000","14.1000","13.3000","12.7000","14.2000","14.6000","P"
"2012-11","A","18476.70","9395.00","2445.80","16030.90","2115.00","742.00","16361.70","8652.00","14.9000","15.1000","14.6000","15.0000","14.2000","12.6000","15.0000","15.3000","P"
"2012-11","B","186832.50","90347.00","25026.30","161806.20","20995.50","6989.00","165837.00","83358.00","14.2000","14.5000","14.4000","14.2000","13.4000","12.7000","14.3000","14.7000","P"
"2012-12","A","20334.20","10773.00","2822.80","17511.40","2287.20","812.00","18047.00","9962.00","15.2000","15.3000","15.1000","15.2000","15.1000","14.1000","15.2000","15.4000","P"
"2012-12","B","207166.70","101129.00","27849.10","179317.60","23282.70","7799.00","183883.90","93330.00","14.3000","14.6000","14.5000","14.3000","13.6000","12.9000","14.4000","14.8000","P"
"2013-02","B","37809.80","18001.00","5154.40","32655.40","4029.60","1278.00","33780.40","16724.00","12.3000","10.2000","13.4000","12.1000","8.4000","-3.3000","12.8000","11.0000","P"
"2013-03","A","17641.20","9076.00","2403.10","15238.10","1860.60","602.00","15780.60","8474.00","12.6000","10.5000","15.0000","12.2000","8.7000","-1.1000","13.1000","11.4000","P"
"2013-03","B","55451.00","27045.00","7557.50","47893.50","5890.10","1876.00","49560.90","25170.00","12.4000","10.3000","13.9000","12.2000","8.5000","-2.6000","12.9000","11.1000","P"
"2013-04","B","73051.30","36005.00","9890.50","63160.80","7712.00","2449.00","65339.30","33556.00","12.5000","10.4000","13.9000","12.3000","8.3000","-2.7000","13.0000","11.5000","P"
"2013-04","A","17600.30","8950.00","2333.00","15267.30","1821.80","576.00","15778.50","8374.00","12.8000","11.5000","13.8000","12.6000","7.9000","-2.8000","13.4000","12.7000","P"
"2013-05","A","18886.30","9371.00","2502.60","16383.70","2023.50","625.00","16862.80","8746.00","12.9000","10.7000","14.8000","12.6000","9.2000","-1.8000","13.3000","11.8000","P"
"2013-05","B","91937.60","45392.00","12393.10","79544.50","9735.40","3077.00","82202.20","42315.00","12.6000","10.5000","14.1000","12.3000","8.5000","-2.5000","13.1000","11.6000","P"
"2013-06","B","110764.30","55251.00","14975.20","95789.10","11794.70","3743.00","98969.60","51508.00","12.7000","10.5000","14.3000","12.5000","8.7000","-2.2000","13.2000","11.7000","P"
"2013-06","A","18826.70","9764.00","2582.10","16244.60","2059.30","664.00","16767.40","9100.00","13.3000","11.5000","15.1000","13.0000","9.5000","-0.7000","13.8000","12.5000","P"
"2013-07","A","18513.20","9159.00","2489.10","16024.10","1999.10","657.00","16514.10","8502.00","13.2000","11.2000","15.0000","12.9000","9.1000","-2.1000","13.7000","12.3000","P"
"2013-07","B","129277.50","64417.00","17464.20","111813.30","13793.80","4401.00","115483.70","60016.00","12.8000","10.7000","14.4000","12.5000","8.8000","-2.2000","13.3000","11.8000","P"
"2013-08","A","18886.20","9490.30","2506.70","16379.50","2124.80","703.70","16761.40","8786.60","13.4000","11.5000","15.1000","13.1000","9.7000","-0.5000","13.8000","12.5000","P"
"2013-08","B","148163.70","73935.30","19970.90","128192.80","15918.60","5106.80","132245.10","68828.50","12.8000","10.8000","14.5000","12.6000","8.9000","-1.9000","13.3000","11.9000","P"
"2013-09","A","20653.30","10526.00","3046.90","17606.40","2259.10","733.80","18394.20","9792.20","13.3000","12.4000","14.8000","13.1000","9.1000","-1.3000","13.9000","13.5000","P"
"2013-09","B","168817.00","84570.50","23017.80","145799.20","18177.70","5842.10","150639.30","78728.30","12.9000","11.0000","14.5000","12.7000","8.9000","-1.8000","13.4000","12.1000","P"
"2013-10","A","21491.30","10578.90","2857.80","18633.50","2421.50","754.30","19069.80","9824.60","13.3000","12.4000","14.6000","13.1000","9.5000","-0.6000","13.8000","13.5000","P"
"2013-10","B","190308.30","95158.60","25875.60","164432.70","20599.20","6595.40","169709.10","88563.10","13.0000","11.2000","14.5000","12.7000","9.0000","-1.7000","13.5000","12.3000","P"
"2013-11","B","211320.20","106233.50","28683.30","182636.90","22913.40","7365.00","188406.80","98868.30","13.0000","11.4000","14.5000","12.8000","9.0000","-1.6000","13.5000","12.5000","P"
"2013-11","A","21011.90","11055.00","2807.70","18204.20","2314.20","771.00","18697.70","10283.90","13.7000","13.1000","14.8000","13.6000","9.4000","-1.1000","14.3000","14.3000","P"
"2013-12","B","234380.00","118884.70","31917.90","202462.00","25391.90","8180.70","208988.00","110703.90","13.1000","11.6000","14.6000","12.9000","9.0000","-1.8000","13.6000","12.7000","P"
"2013-12","A","23059.70","12641.40","3234.60","19825.10","2478.50","824.40","20581.20","11817.00","13.6000","13.0000","14.8000","13.4000","8.6000","-3.3000","14.3000","14.3000","P"
"2014-02","B","42280.70","20132.70","5814.40","36466.30","4414.40","1272.00","37866.30","18860.80","11.8000","9.5000","12.8000","11.7000","9.6000","10.2000","12.1000","-0.5000","P"
"2014-03","B","62081.20","30274.60","8527.90","53553.40","6464.80","1866.00","55616.40","28408.60","12.0000","9.7000","12.8000","11.8000","9.8000","1.0000","12.2000","10.3000","P"
"2014-03","A","19800.60","10230.70","2713.50","17087.10","2050.40","612.70","17750.20","9618.00","12.2000","10.2000","12.9000","12.1000","10.2000","4.2000","12.5000","10.6000","P"
"2014-04","A","19701.20","10009.60","2640.80","17060.40","2016.90","592.20","17684.30","9417.40","11.9000","9.4000","13.2000","11.7000","10.7000","5.3000","12.1000","9.6000","P"
"2014-04","B","81782.40","40248.50","11168.70","70613.80","8481.70","2447.10","73300.70","37801.50","12.0000","9.6000","12.9000","11.8000","10.0000","2.0000","12.2000","10.1000","P"
"2014-05","A","21249.80","10559.80","2849.30","18400.50","2246.60","648.80","19003.20","9649.80","12.5000","9.9000","13.9000","12.3000","11.0000","6.2000","12.7000","10.1000","P"
"2014-05","B","103032.20","50857.00","14018.00","89014.30","10728.30","3105.30","92303.90","46611.30","12.1000","9.7000","13.1000","11.9000","10.2000","2.8000","12.3000","10.1000","P"
"2014-06","A","21166.40","11102.80","2927.70","18238.70","2260.60","668.10","18905.80","10434.70","12.4000","10.2000","13.4000","12.3000","9.8000","3.5000","12.8000","10.7000","P"
"2014-06","B","124198.70","62102.10","16945.70","107253.00","12988.90","3773.30","111209.80","58328.80","12.1000","9.8000","13.2000","12.0000","10.1000","2.9000","12.4000","10.2000","P"
"2014-07","A","20775.80","10359.90","2817.10","17958.70","2186.60","659.30","18589.20","9700.60","12.2000","9.7000","13.2000","12.1000","9.4000","2.5000","12.6000","10.3000","P"
"2014-07","B","144974.50","72417.70","19762.80","125211.70","15175.50","4415.30","129799.00","68002.40","12.1000","9.8000","13.2000","12.0000","10.0000","2.9000","12.4000","10.2000","P"
"2014-08","A","21133.90","10466.10","2827.50","18306.40","2303.50","685.00","18830.40","9781.10","11.9000","9.0000","12.8000","11.8000","8.4000","-0.9000","12.3000","9.8000","P"
"2014-08","B","166108.40","83023.60","22590.40","143518.10","17479.00","5114.30","148629.40","77909.30","12.1000","9.7000","13.1000","12.0000","9.8000","2.4000","12.4000","10.2000","P"
"2014-09","A","23042.40","11581.80","3428.40","19614.00","2455.10","714.30","20587.30","10867.50","11.6000","8.5000","12.5000","11.4000","8.7000","-0.5000","11.9000","9.2000","P"
"2014-09","B","189150.80","94232.80","26018.90","163132.10","19934.10","5819.00","169216.70","88413.80","12.0000","9.5000","13.0000","11.9000","9.7000","2.0000","12.3000","10.1000","P"
"2014-10","B","213118.10","106570.40","29232.40","183885.80","22591.20","6594.70","190526.90","99975.70","12.0000","9.4000","13.0000","11.8000","9.7000","2.0000","12.3000","9.9000","P"
"2014-10","A","23967.20","11744.60","3213.50","20753.70","2657.10","757.70","21310.10","10986.90","11.5000","8.3000","12.4000","11.4000","9.7000","2.1000","11.7000","8.7000","P"
"2014-11","B","236592.80","118450.50","32391.40","204201.40","25132.60","7353.20","211460.20","111097.30","12.0000","9.3000","12.9000","11.8000","9.7000","2.1000","12.2000","9.8000","P"
"2014-11","A","23474.70","11793.90","3159.00","20315.70","2541.40","740.10","20933.30","11053.80","11.7000","8.7000","12.5000","11.6000","9.8000","2.4000","12.0000","9.2000","P"
"2014-12","A","25801.30","14274.20","3635.20","22166.10","2727.60","844.90","23073.70","13429.30","11.9000","9.4000","12.4000","11.8000","10.1000","3.8000","12.1000","9.7000","P"
"2014-12","B","262394.10","133179.30","36026.60","226367.50","27860.20","8208.20","234533.90","124971.10","12.0000","9.3000","12.9000","11.8000","9.7000","2.2000","12.2000","9.8000","P"
"2015-02","B","47992.50","21840.40","6857.50","41135.00","5079.10","1356.10","42913.40","20484.30","10.7000","8.1000","11.6000","10.6000","11.2000","5.1000","10.7000","8.4000","P"
"2015-03","A","22722.80","10833.50","3149.10","19573.80","2379.00","634.30","20343.80","10199.10","10.2000","7.1000","11.5000","10.0000","11.5000","6.5000","10.1000","6.8000","P"
"2015-03","B","70715.30","32471.60","10006.50","60708.80","7458.10","1937.50","63257.20","30534.00","10.6000","7.8000","11.6000","10.4000","11.3000","5.5000","10.5000","7.8000","P"
"2015-04","B","93102.00","43014.60","13045.70","80056.30","9785.10","2557.20","83316.90","40457.40","10.4000","7.5000","11.5000","10.2000","11.4000","5.9000","10.3000","7.5000","P"
"2015-04","A","22386.70","10564.20","3039.20","19347.50","2327.00","625.50","20059.70","9938.70","10.0000","6.7000","11.4000","9.8000","11.7000","7.2000","9.8000","6.7000","P"
"2015-05","B","117296.90","54230.00","16332.60","100964.30","12380.20","3247.50","104916.60","50982.50","10.4000","7.3000","11.6000","10.2000","11.5000","6.2000","10.2000","7.3000","P"
"2015-05","A","24194.80","11180.10","3286.90","20907.90","2595.20","684.70","21599.60","10495.50","10.1000","6.8000","11.6000","9.9000","11.7000","7.1000","9.9000","6.7000","P"
"2015-06","A","24280.30","12009.40","3394.30","20886.00","2616.10","701.80","21664.10","11307.60","10.6000","7.8000","11.8000","10.4000","11.6000","6.9000","10.5000","7.9000","P"
"2015-06","B","141577.10","66255.70","19726.90","121850.20","14996.40","3949.30","126580.70","62306.40","10.4000","7.4000","11.6000","10.2000","11.5000","6.3000","10.3000","7.4000","P"
"2015-07","B","165915.90","77264.80","23069.30","142846.60","17596.90","4652.50","148319.00","72612.20","10.4000","7.3000","11.6000","10.2000","11.6000","6.6000","10.3000","7.4000","P"
"2015-07","A","24338.80","11005.30","3342.40","20996.40","2600.60","704.70","21738.20","10300.70","10.5000","7.3000","11.9000","10.3000","12.2000","8.1000","10.3000","7.2000","P"
"2015-08","A","24893.40","11256.60","3365.20","21528.20","2752.20","740.60","22141.10","10515.90","10.8000","8.0000","11.9000","10.6000","12.4000","8.9000","10.6000","7.9000","P"
"2015-08","B","190809.30","88576.00","26434.50","164374.80","20349.20","5399.60","170460.10","83176.40","10.5000","7.4000","11.7000","10.3000","11.7000","6.9000","10.3000","7.5000","P"
"2015-09","A","25270.60","12484.10","3802.80","21467.80","2721.30","763.70","22549.30","11720.40","10.9000","8.2000","12.1000","10.7000","12.1000","8.1000","10.7000","8.2000","P"
"2015-09","B","216079.90","101089.30","30237.30","185842.60","23070.50","6163.50","193009.40","94925.70","10.5000","7.5000","11.7000","10.3000","11.7000","7.0000","10.4000","7.5000","P"
"2015-10","B","244358.80","113833.20","34069.20","210289.50","26245.70","6979.70","218113.10","106853.60","10.6000","7.6000","11.8000","10.4000","11.8000","7.2000","10.4000","7.6000","P"
"2015-10","A","28278.90","12612.20","3831.90","24447.00","3175.20","815.80","25103.70","11796.40","11.0000","8.4000","12.2000","10.8000","12.4000","8.8000","10.8000","8.3000","P"
"2015-11","A","27937.30","13502.70","3794.10","24143.30","3034.40","803.80","24902.90","12698.90","11.2000","8.8000","12.2000","11.0000","11.5000","6.5000","11.1000","9.0000","P"
"2015-11","B","272296.10","126906.00","37863.30","234432.80","29280.10","7721.20","243016.10","119184.90","10.6000","7.7000","11.8000","10.4000","11.8000","7.2000","10.5000","7.8000","P"
"2015-12","A","28634.60","15367.00","4068.80","24565.90","3029.90","883.00","25604.70","14484.00","11.1000","8.6000","12.0000","10.9000","11.2000","6.0000","11.0000","8.8000","P"
"2015-12","B","300930.80","142558.00","41932.10","258998.70","32310.00","8667.00","268620.80","133891.00","10.7000","7.8000","11.8000","10.5000","11.7000","7.0000","10.6000","7.9000","P"
"2016-02","B","52910.30","23080.00","7606.90","45303.40","5651.20","1411.00","47259.10","21669.40","10.2000","7.6000","10.9000","10.1000","11.3000","6.4000","10.1000","7.7000","P"
"2016-03","B","78024.40","34625.00","11104.90","66919.50","8301.90","2046.00","69722.50","32579.10","10.3000","8.0000","11.0000","10.2000","11.3000","6.7000","10.2000","8.0000","P"
"2016-03","A","25114.10","11717.00","3498.00","21616.10","2650.70","666.00","22463.40","11050.70","10.5000","8.6000","11.1000","10.4000","11.4000","7.2000","10.4000","8.7000","P"
"2016-04","A","24645.80","11264.30","3371.60","21274.20","2596.40","674.10","22049.40","10590.20","10.1000","6.7000","10.9000","10.0000","11.6000","8.0000","9.9000","6.6000","P"
"2016-04","B","102670.20","46111.30","14476.40","88193.80","10898.30","2750.60","91771.90","43360.70","10.3000","7.7000","11.0000","10.2000","11.4000","7.0000","10.1000","7.7000","P"
"2016-05","A","26610.70","11884.90","3637.80","22972.90","2877.90","720.30","23733.00","11164.60","10.0000","6.5000","10.7000","9.9000","10.9000","5.3000","9.9000","6.5000","P"
"2016-05","B","129280.90","58010.40","18114.20","111166.70","13776.20","3470.50","115504.70","54539.90","10.2000","7.4000","10.9000","10.1000","11.3000","6.7000","10.1000","7.5000","P"
"2016-06","B","156138.30","71075.10","21889.50","134248.80","16683.00","4217.90","139455.40","66857.20","10.3000","7.5000","11.0000","10.2000","11.2000","6.6000","10.2000","7.6000","P"
"2016-06","A","26857.40","13005.80","3775.30","23082.10","2906.70","743.50","23950.70","12262.30","10.6000","8.1000","11.2000","10.5000","11.1000","6.6000","10.6000","8.2000","P"
"2016-07","B","182965.80","82920.90","25590.90","157374.90","19566.70","4966.90","163399.20","77954.00","10.3000","7.5000","10.9000","10.2000","11.2000","6.5000","10.2000","7.5000","P"
"2016-07","A","26827.40","11805.70","3701.40","23126.10","2883.70","747.30","23943.70","11058.40","10.2000","7.3000","10.7000","10.1000","10.9000","6.0000","10.1000","7.3000","P"
"2016-08","A","27539.60","12249.70","3731.90","23807.70","3036.10","775.00","24503.50","11475.10","10.6000","8.5000","10.9000","10.6000","10.3000","4.4000","10.7000","8.8000","P"
"2016-08","B","210505.40","95101.00","29322.80","181182.60","22602.80","5743.00","187902.70","89357.80","10.3000","7.6000","10.9000","10.2000","11.1000","6.2000","10.2000","7.7000","P"
"2016-09","A","27976.40","13503.90","4219.20","23757.20","3011.10","808.80","24965.40","12695.10","10.7000","8.8000","11.0000","10.7000","10.6000","6.0000","10.7000","9.0000","P"
"2016-09","B","238481.80","108343.70","33542.00","204939.80","25613.90","6558.60","212868.00","101785.20","10.7000","7.8000","10.9000","10.3000","11.0000","6.2000","10.3000","7.9000","P"
"2016-10","B","269601.00","122312.30","37768.10","231832.90","29105.40","7409.40","240495.70","114902.90","10.3000","7.8000","10.9000","10.2000","10.9000","6.0000","10.3000","7.9000","P"
"2016-10","A","31119.20","13507.70","4226.10","26893.10","3491.50","854.80","27627.70","12652.90","10.0000","7.5000","10.3000","10.0000","10.0000","4.7000","10.1000","7.7000","P"
"2016-11","B","300559.50","137203.20","41978.50","258581.10","32447.00","8258.90","268112.60","128944.30","10.4000","7.9000","10.9000","10.3000","10.8000","5.9000","10.3000","8.1000","P"
"2016-11","A","30958.50","14791.80","4210.40","26748.20","3341.60","851.30","27616.90","13940.40","10.8000","9.5000","11.0000","10.8000","10.1000","4.9000","10.9000","9.8000","P"
"2016-12","B","332316.00","154286.00","46503.00","285814.00","35799.00","9213.00","296518.00","145073.00","10.4000","8.1000","10.9000","10.4000","10.8000","10.8000","10.4000","8.3000","P"
"2016-12","A","31757.00","16945.00","4524.00","27233.00","3352.00","946.00","28405.00","15999.00","10.9000","9.8000","11.2000","10.9000","10.6000","10.6000","10.9000","10.0000","P"
"2017-02","B","57959.70","24679.70","8501.70","49457.90","6251.30","1494.10","51708.40","23185.60","9.5000","6.8000","11.8000","9.2000","10.6000","6.9000","9.4000","6.8000","P"
"2017-03","B","85823.40","37460.50","12425.60","73397.70","9196.10","2212.50","76627.30","35248.00","10.0000","7.9000","11.9000","9.7000","10.8000","7.3000","9.9000","7.9000","P"
"2017-03","A","27863.70","12873.30","3923.90","23939.80","2944.80","723.50","24918.90","12149.80","10.9000","10.0000","12.2000","10.7000","11.1000","8.1000","10.9000","10.1000","P"
"2017-04","B","113101.90","49764.50","16220.90","96880.90","12082.00","2932.30","101019.90","46832.30","10.2000","8.2000","12.1000","9.9000","10.9000","7.5000","10.1000","8.3000","P"
"2017-04","A","27278.50","12253.30","3795.30","23483.20","2885.90","721.40","24392.60","11531.90","10.7000","9.2000","12.6000","10.4000","11.1000","8.0000","10.6000","9.3000","P"
"2017-05","A","29459.20","12937.10","4099.10","25360.10","3210.80","779.40","26248.50","12157.70","10.7000","9.2000","12.7000","10.4000","11.6000","9.2000","10.6000","9.2000","P"
"2017-05","B","142561.10","62689.30","20320.00","122241.00","15292.80","3712.40","127268.30","58977.00","10.3000","8.4000","12.2000","10.0000","11.0000","7.8000","10.2000","8.5000","P"
"2017-06","B","172368.70","76953.00","24582.80","147785.80","18546.40","4532.70","153822.30","72420.40","10.4000","8.7000","12.3000","10.1000","11.2000","8.4000","10.3000","8.8000","P"
"2017-06","A","29807.60","14222.00","4262.80","25544.80","3253.60","816.20","26554.00","13405.80","11.0000","10.2000","12.9000","10.7000","11.9000","11.0000","10.9000","10.2000","P"
"2017-07","B","201978.50","89820.70","28719.00","173259.40","21750.10","5342.30","180228.40","84478.40","10.4000","8.7000","12.2000","10.1000","11.2000","8.5000","10.3000","8.7000","P"
"2017-07","A","29609.80","12812.60","4136.30","25473.50","3203.70","809.10","26406.10","12003.60","10.4000","8.6000","11.7000","10.2000","11.1000","9.0000","10.3000","8.6000","P"
"2017-08","B","232308.20","103070.00","32879.70","199428.40","25109.80","6171.00","207198.40","96899.00","10.4000","8.6000","12.1000","10.1000","11.1000","8.4000","10.3000","8.6000","P"
"2017-08","A","30329.70","13229.40","4160.60","26169.10","3359.70","829.20","26970.00","12400.10","10.1000","7.5000","11.5000","9.9000","10.7000","7.6000","10.1000","7.5000","P"
"2017-09","B","263178.40","117750.50","37585.90","225592.50","28427.20","7033.50","234751.20","110717.00","10.4000","8.5000","12.1000","10.1000","11.0000","8.1000","10.3000","8.5000","P"
"2017-09","A","30870.30","14629.70","4706.20","26164.10","3317.50","856.00","27552.80","13773.70","10.3000","7.8000","11.5000","10.1000","10.2000","6.0000","10.4000","7.9000","P"
"2017-10","B","297419.40","131617.90","42290.20","255129.10","32279.10","7932.10","265140.30","123685.80","","8.3000","12.0000","10.0000","10.9000","7.8000","10.2000","8.4000","P"
"2017-10","A","34240.90","14373.80","4704.30","29536.60","3851.80","906.50","30389.10","13467.30","","7.2000","11.3000","9.8000","10.3000","6.1000","10.0000","7.3000","P"
"2017-11","B","331527.50","145752.60","46991.30","284536.10","35954.50","8821.30","295573.00","136931.30","10.3000","8.3000","11.9000","10.0000","10.8000","7.6000","10.2000","8.3000","P"
"2017-11","A","34108.20","15778.70","4701.10","29407.10","3675.50","900.30","30432.70","14878.40","10.2000","7.8000","11.7000","9.9000","10.0000","5.5000","10.2000","7.9000","P"
"2017-12","A","34734.10","17409.40","4980.60","29753.50","3689.20","992.80","31044.90","16416.60","9.4000","6.7000","10.1000","9.3000","10.1000","6.0000","9.3000","6.8000","P"
"2017-12","B","366261.60","160612.50","51971.90","314289.70","39643.70","9751.20","326617.90","150861.30","10.2000","8.1000","11.8000","10.0000","10.7000","7.4000","10.2000","8.2000","P"
"2018-02","B","61081.80","23242.00","9035.60","52046.20","6612.90","1479.50","54468.90","21762.50","9.7000","8.3000","10.7000","9.6000","10.1000","7.1000","9.7000","8.4000","P"
"2018-03","A","29193.60","11831.80","4143.40","25050.30","3098.60","719.30","26095.00","11112.50","10.1000","9.0000","10.9000","9.9000","10.6000","9.7000","10.0000","8.9000","P"
"2018-03","B","90275.40","34941.00","13178.90","77096.50","9711.50","2186.30","80563.90","32754.70","9.8000","8.5000","10.7000","9.7000","10.3000","8.0000","9.8000","8.6000","P"
"2018-04","B","118817.30","46136.90","17193.10","101624.20","12736.00","2889.00","106081.30","43247.90","9.7000","8.4000","10.7000","9.6000","10.1000","7.7000","9.7000","8.4000","P"
"2018-04","A","28541.90","11240.60","4014.20","24527.70","3024.50","700.20","25517.40","10540.40","9.4000","7.8000","10.6000","9.2000","9.6000","6.9000","9.4000","7.8000","P"
"2018-05","A","30359.10","11476.70","4266.90","26092.20","3320.70","741.10","27038.40","10735.60","8.5000","5.5000","9.6000","8.3000","8.8000","4.5000","8.4000","5.6000","P"
"2018-05","B","149176.40","57517.70","21460.00","127716.40","16056.60","3629.60","133119.70","53888.10","9.5000","7.8000","10.5000","9.3000","9.8000","7.1000","9.4000","7.8000","P"
"2018-06","B","180017.90","69937.60","25926.60","154091.30","19457.20","4399.40","160560.70","65538.20","9.4000","7.5000","10.5000","9.2000","9.9000","7.2000","9.3000","7.6000","P"
"2018-06","A","30841.60","12448.30","4466.60","26374.90","3400.60","777.00","27441.00","11671.30","9.0000","6.5000","10.4000","8.8000","10.1000","7.8000","8.9000","6.4000","P"
"2018-07","A","30733.70","11419.00","4345.50","26388.20","3343.20","763.80","27390.50","10655.20","8.8000","5.7000","10.1000","8.6000","9.4000","6.0000","8.7000","5.7000","P"
"2018-07","B","210751.60","81125.20","30272.10","180479.60","22800.40","5146.40","187951.20","75978.80","9.3000","7.3000","10.4000","9.1000","9.8000","7.0000","9.2000","7.3000","P"
"2018-08","A","31542.30","11832.20","4373.30","27169.00","3516.10","791.10","28026.20","11041.10","9.0000","6.0000","10.2000","8.8000","9.7000","7.5000","8.9000","5.9000","P"
"2018-08","B","242293.90","92367.70","34645.40","207648.50","26316.40","5907.40","215977.40","86460.30","9.3000","7.1000","10.4000","9.1000","9.8000","7.1000","9.2000","7.1000","P"
"2018-09","B","274299.30","104792.10","39581.80","234717.50","29763.40","6692.80","244535.90","98099.30","9.3000","6.9000","10.4000","9.1000","9.8000","7.0000","9.2000","6.9000","P"
"2018-09","A","32005.40","12761.70","4936.40","27069.00","3446.90","800.10","28558.50","11961.60","9.2000","5.7000","10.5000","9.0000","9.4000","6.9000","9.2000","5.6000","P"
"2018-10","A","35534.40","12478.60","4933.80","30600.60","4006.00","848.50","31528.40","11630.10","8.6000","3.7000","9.7000","8.4000","8.8000","5.0000","8.5000","3.6000","P"
"2018-10","B","309833.70","117177.50","44515.60","265318.00","33769.30","7540.30","276064.30","109637.10","9.2000","6.6000","10.3000","9.0000","9.6000","6.8000","9.1000","6.6000","P"
"2018-11","A","35259.70","13678.70","5269.70","29990.00","4525.00","816.70","30734.70","12862.10","8.1000","2.1000","9.3000","7.9000","8.6000","4.0000","8.0000","2.0000","P"
"2018-11","B","345093.40","130829.90","49785.30","295308.00","38294.30","8356.80","306799.10","122473.10","9.1000","6.1000","10.2000","8.9000","9.5000","6.5000","9.0000","6.1000","P"
"2018-12","B","380986.85","145311.30","55349.95","325636.90","42715.85","9236.40","338271.00","136074.90","8.9817","5.7000","10.1188","8.7908","9.4653","6.4000","8.9210","5.7000","P"
"2018-12","A","35893.50","15084.00","5564.63","30328.87","4421.56","909.30","31471.94","14174.70","8.1608","2.4000","9.3173","7.9513","9.0231","5.5000","8.0408","2.2000","P"
"2019-02","B","66064.00","23096.30","9854.10","56209.90","7251.10","1516.70","58812.90","21579.60","8.2000","3.5000","9.1000","8.0000","9.7000","8.1000","8.0000","3.2000","P"
"2019-03","A","31725.70","11952.50","4533.90","27191.80","3393.00","725.80","28332.80","11226.80","8.7000","5.1000","9.4000","8.5000","9.5000","7.5000","8.6000","5.0000","P"
"2019-03","B","97789.70","35078.20","14388.00","83401.70","10644.10","2225.80","87145.70","32852.40","8.3000","4.1000","9.2000","8.2000","9.6000","7.9000","8.2000","3.8000","P"
"2019-04","B","128375.80","46211.90","18715.10","109660.80","13924.80","2920.60","114451.00","43291.30","8.0000","3.5000","8.9000","7.9000","9.3000","7.1000","7.9000","3.3000","P"
"2019-04","A","30586.10","11120.10","4327.10","26259.00","3280.70","691.20","27305.30","10428.80","7.2000","2.0000","7.8000","7.1000","8.5000","4.8000","7.0000","1.8000","P"
"2019-05","A","32955.70","11693.80","4651.80","28303.90","3631.30","754.80","29324.40","10939.00","8.6000","5.1000","9.0000","8.5000","9.4000","7.1000","8.5000","5.0000","P"
"2019-05","B","161331.60","57924.00","23366.90","137964.70","17556.20","3701.90","143775.40","54222.20","8.1000","3.9000","8.9000","8.0000","9.3000","7.1000","8.0000","3.6000","P"
"2019-06","B","195209.70","71124.20","28286.00","166923.70","21279.50","4497.00","173930.20","66627.10","8.4000","4.9000","9.1000","8.3000","9.4000","7.2000","8.3000","4.7000","P"
"2019-06","A","33878.10","13163.40","4919.20","28959.00","3723.30","788.70","30154.80","12374.70","9.8000","9.7000","10.1000","9.8000","9.5000","7.6000","9.9000","9.8000","P"
"2019-07","B","228282.90","82446.20","33005.50","195277.50","24937.50","5238.10","203345.40","77208.10","8.3000","4.6000","9.0000","8.2000","9.4000","7.2000","8.2000","4.4000","P"
"2019-07","A","33073.30","11412.10","4719.50","28353.80","3658.00","777.30","29415.20","10634.80","7.6000","2.9000","8.6000","7.4000","9.4000","7.3000","7.4000","2.6000","P"
"2019-08","A","33896.30","11772.10","4762.10","29134.30","3857.10","814.60","30039.20","10957.40","7.5000","2.0000","8.9000","7.2000","9.7000","7.6000","7.2000","1.6000","P"
"2019-08","B","262179.30","93880.90","37767.60","224411.70","28794.60","6048.40","233384.60","87832.60","8.2000","4.3000","9.0000","8.1000","9.4000","7.3000","8.1000","4.1000","P"
"2019-09","A","34494.90","12835.40","5382.50","29112.40","3770.20","814.50","30724.70","12020.90","7.8000","3.1000","9.0000","7.5000","9.4000","7.1000","7.6000","2.9000","P"
"2019-09","B","296674.20","106691.90","43150.00","253524.10","32564.80","6862.10","264109.30","99829.80","8.2000","4.1000","9.0000","8.0000","9.4000","7.3000","8.0000","3.9000","P"
"2019-10","B","334778.50","118918.80","48510.20","286268.30","36932.30","7695.20","297846.20","111223.60","8.1000","3.8000","9.0000","7.9000","9.4000","7.1000","7.9000","3.6000","P"
"2019-10","A","38104.30","12322.10","5360.20","32744.10","4367.50","846.20","33736.90","11475.90","7.2000","1.2000","8.6000","7.0000","9.0000","5.6000","7.0000","0.9000","P"
"2019-11","A","38093.80","13964.70","5748.40","32345.40","4963.70","831.00","33130.10","13133.70","8.0000","4.4000","9.1000","7.9000","9.7000","8.1000","7.8000","4.2000","P"
"2019-11","B","372872.30","132639.10","54258.60","318613.70","41896.00","8528.20","330976.30","124111.00","8.0000","3.9000","9.0000","7.9000","9.4000","7.2000","7.9000","3.7000","P"
"2019-12","A","38776.70","15337.60","6072.90","32703.80","4824.60","914.00","33952.10","14423.60","8.0000","4.4000","9.1000","7.8000","9.1000","6.1000","7.9000","4.3000","P"
"2019-12","B","411649.00","148009.90","60331.50","351317.50","46720.70","9444.90","364928.30","138565.10","8.0000","3.9000","9.0000","7.9000","9.4000","7.1000","7.9000","3.7000","P"
"2020-02","B","52129.80","16949.80","7248.80","44881.10","4194.30","928.20","47935.50","16021.60","-20.5000","-23.4000","-19.0000","-20.7000","-43.1000","-39.7000","-17.6000","-22.2000","P"
"2020-03","B","78579.70","27049.10","10724.70","67855.00","6026.30","1277.60","72553.40","25771.50","-19.0000","-20.5000","-17.7000","-19.1000","-44.3000","-41.9000","-15.8000","-18.9000","P"
"2020-03","A","26449.90","9984.30","3475.90","22974.00","1832.00","390.30","24617.90","9594.00","-15.8000","-15.0000","-15.1000","-15.9000","-46.8000","-46.7000","-12.0000","-12.9000","P"
"2020-04","A","28177.80","10588.30","3620.10","24557.70","2306.60","505.30","25871.20","10083.00","-7.5000","-3.2000","-7.7000","-7.5000","-31.1000","-27.9000","-4.6000","-1.5000","P"
"2020-04","B","106757.50","37607.70","14344.80","92412.70","8332.90","1786.00","98424.60","35821.70","-16.2000","-16.3000","-15.4000","-16.3000","-41.2000","-38.6000","-13.1000","-14.7000","P"
"2020-05","A","31972.80","11664.20","4091.80","27880.90","3013.30","644.70","28959.50","11019.50","-2.8000","1.3000","-3.2000","-2.8000","-18.9000","-15.4000","-0.8000","2.5000","P"
"2020-05","B","138730.30","49317.20","18436.60","120293.70","11346.20","2433.50","127384.10","46883.70","-13.5000","-12.7000","-13.0000","-13.5000","-36.5000","-33.9000","-10.6000","-11.2000","P"
"2020-06","B","172256.20","62374.80","22910.90","149345.30","14608.60","3119.20","157647.60","59255.60","-11.4000","-10.3000","-10.9000","-11.5000","-32.8000","-30.2000","-8.7000","-9.0000","P"
"2020-06","A","33525.90","13106.90","4474.30","29051.60","3262.40","684.70","30263.50","12422.20","-1.8000","-0.4000","-1.2000","-2.0000","-15.2000","-12.9000","-0.2000","0.4000","P"
"2020-07","B","204458.70","73332.10","27088.40","177370.30","17891.10","3831.40","186567.60","69500.70","-9.9000","-8.6000","-9.5000","-10.0000","-29.6000","-27.0000","-7.5000","-7.3000","P"
"2020-07","A","32202.50","11351.30","4177.50","28025.00","3282.50","721.20","28920.00","10630.20","-1.1000","2.2000","-1.3000","-1.1000","-11.0000","-8.2000","0.2000","3.0000","P"
"2020-08","A","33570.60","12136.10","4297.90","29272.70","3619.30","796.10","29951.30","11340.00","0.5000","4.4000","0.7000","0.5000","-7.0000","-3.5000","1.5000","5.1000","P"
"2020-08","B","238029.40","85316.90","31386.40","206643.00","21510.40","4628.40","216518.90","80688.50","-8.6000","-7.0000","-8.3000","-8.7000","-26.6000","-23.8000","-6.3000","-5.8000","P"
"2020-09","A","35294.70","13376.40","5094.60","30200.10","3715.10","835.80","31579.50","12540.50","3.3000","5.3000","4.0000","3.2000","-2.9000","1.9000","4.1000","5.6000","P"
"2020-09","B","273324.00","98573.50","36480.90","236843.10","25225.60","5464.60","248098.40","93108.80","-7.2000","-5.5000","-6.7000","-7.3000","-23.9000","-20.8000","-5.1000","-4.4000","P"
"2020-10","A","38576.50","13095.00","5078.50","33498.00","4372.30","911.70","34204.10","12183.20","4.3000","7.1000","5.1000","4.2000","0.8000","6.1000","4.8000","7.2000","P"
"2020-10","B","311900.50","111887.70","41559.40","270341.10","29597.90","6388.90","282302.50","105498.80","-5.9000","-4.2000","-5.4000","-6.0000","-21.0000","-17.8000","-4.0000","-3.2000","P"
"2020-11","B","351414.70","127123.60","47001.70","304413.00","34577.60","7267.50","316837.00","119856.20","-4.8000","-2.8000","-4.3000","-4.9000","-18.6000","-15.9000","-3.0000","-1.9000","P"
"2020-11","A","39514.20","15190.30","5442.30","34071.90","4979.70","860.20","34534.40","14330.10","5.0000","8.3000","5.6000","4.9000","-0.6000","1.8000","5.8000","8.7000","P"
"2020-12","B","391980.60","143322.90","52861.70","339119.00","39527.30","8231.80","352453.30","135091.10","-3.9000","-1.9000","-3.2000","-4.0000","-16.6000","-14.0000","-2.3000","-1.0000","P"
"2020-12","A","40566.00","16300.80","5860.00","34706.00","4949.70","959.40","35616.30","15341.40","4.6000","6.4000","5.9000","4.4000","0.4000","3.6000","5.2000","6.6000","P"
"2021-02","B","69736.80","24374.50","9185.20","60551.60","7085.40","1458.50","62651.40","22916.00","33.8000","43.9000","26.7000","34.9000","68.9000","61.8000","30.7000","42.9000","P"
"2021-03","A","35484.10","13699.70","4690.20","30793.80","3510.50","822.40","31973.50","12877.30","34.2000","38.6000","34.9000","34.0000","91.6000","115.2000","29.9000","35.6000","P"
"2021-03","B","105220.80","38140.00","13875.40","91345.40","10595.90","2284.70","94624.90","35855.30","33.9000","42.0000","29.4000","34.6000","75.8000","77.7000","30.4000","40.2000","P"
"2021-04","A","33152.60","12592.40","4264.60","28888.00","3376.90","817.60","29775.80","11774.80","17.7000","18.5000","17.8000","17.6000","46.4000","60.3000","15.1000","16.4000","P"
"2021-04","B","138373.40","50752.80","18140.10","120233.40","13972.80","3105.60","124400.70","47647.20","29.6000","35.3000","26.5000","30.1000","67.7000","72.7000","26.4000","33.4000","P"
"2021-05","A","35945.10","13214.40","4632.40","31312.70","3816.30","923.80","32128.80","12290.70","12.4000","12.7000","13.2000","12.3000","26.6000","40.8000","10.9000","11.1000","P"
"2021-05","B","174318.50","63974.40","22772.50","151546.10","17789.00","4035.40","156529.50","59939.00","25.7000","29.9000","23.5000","26.0000","56.8000","64.2000","22.9000","28.1000","P"
"2021-06","B","211904.30","78939.30","27806.70","184097.60","21711.80","4945.00","190192.50","73994.30","23.0000","26.4000","21.4000","23.3000","48.6000","56.3000","20.6000","24.8000","P"
"2021-06","A","37585.80","14890.70","5034.30","32551.50","3922.80","897.30","33663.00","13993.40","12.1000","13.2000","12.5000","12.0000","20.2000","28.6000","11.2000","12.3000","P"
"2021-07","B","246829.40","91259.50","32353.30","214476.10","25463.20","5842.10","221366.20","85417.40","20.7000","23.6000","19.4000","20.9000","42.3000","49.5000","18.7000","22.2000","P"
"2021-07","A","34925.10","12425.20","4546.50","30378.50","3751.40","895.80","31173.70","11529.40","8.5000","8.5000","8.8000","8.4000","14.3000","20.7000","7.8000","7.7000","P"
"2021-08","A","34394.90","12342.50","4444.50","29950.30","3455.80","785.30","30939.00","11557.10","2.5000","0.5000","3.4000","2.3000","-4.5000","-4.2000","3.3000","0.8000","P"
"2021-08","B","281224.20","103568.40","36797.80","244426.40","28919.00","6631.70","252305.20","96936.60","18.1000","20.3000","17.2000","18.3000","34.4000","40.2000","16.5000","19.2000","P"
"2021-09","B","318057.20","117587.90","42169.00","275888.20","32750.40","7553.20","285306.80","110034.70","16.4000","17.9000","15.6000","16.5000","29.8000","34.8000","15.0000","17.0000","P"
"2021-09","A","36833.00","13902.00","5371.20","31461.80","3831.30","902.80","33001.60","12999.20","4.4000","2.8000","5.4000","4.2000","3.1000","5.5000","4.5000","2.7000","P"
"2021-10","B","358511.10","131281.00","47533.00","310978.10","37210.70","8536.00","321300.40","122745.00","14.9000","16.4000","14.4000","15.0000","25.7000","30.4000","13.8000","15.5000","P"
"2021-10","A","40453.90","13866.70","5364.00","35089.90","4460.30","976.30","35993.60","12890.40","4.9000","4.6000","5.6000","4.8000","2.0000","4.0000","5.2000","4.7000","P"
"2021-11","B","399554.30","147515.50","53238.70","346315.60","42053.80","9412.90","357500.50","138102.60","13.7000","14.9000","13.3000","13.8000","21.6000","26.7000","12.8000","14.2000","P"
"2021-11","A","41043.20","16030.80","5705.70","35337.50","4843.10","880.10","36200.10","15150.70","3.9000","4.2000","4.8000","3.7000","-2.7000","-0.3000","4.8000","4.5000","P"
"2021-12","A","41268.90","16703.20","6026.10","35242.80","4841.10","985.00","36427.80","15718.20","1.7000","1.6000","2.8000","1.5000","-2.2000","-0.1000","2.3000","1.7000","P"
"2021-12","B","440823.20","164148.10","59264.80","381558.40","46894.90","10434.30","393928.30","153713.70","12.5000","13.4000","12.1000","12.5000","18.6000","23.5000","11.8000","12.8000","P"
"2022-02","B","74426.00","27229.60","9832.90","64593.10","7717.80","1719.90","66708.20","25509.60","6.7000","9.1000","7.1000","6.7000","8.9000","10.1000","6.5000","9.1000","P"
"2022-03","B","108659.10","40600.20","14366.60","94292.50","10653.10","2408.20","98006.00","38191.90","3.3000","5.4000","3.5000","3.2000","0.5000","0.9000","3.6000","5.7000","P"
"2022-03","A","34233.10","13630.70","4533.70","29699.40","2935.30","727.80","31297.80","12903.00","-3.5000","-1.4000","-3.3000","-3.6000","-16.4000","-15.6000","-2.1000","-0.4000","P"
"2022-04","A","29483.10","11012.00","3846.10","25637.00","2608.90","652.60","26874.20","10359.30","-11.1000","-14.0000","-9.8000","-11.3000","-22.7000","-24.0000","-9.7000","-13.3000","P"
"2022-04","B","138142.20","51586.50","18212.80","119929.50","13262.00","3063.70","124880.20","48522.80","-0.2000","0.6000","0.4000","-0.3000","-5.1000","-5.6000","0.4000","1.0000","P"
"2022-05","A","33547.00","12713.00","4342.20","29204.90","3012.30","785.70","30534.70","11927.30","-6.7000","-6.5000","-6.3000","-6.7000","-21.1000","-20.8000","-5.0000","-5.3000","P"
"2022-05","B","171689.30","64614.00","22554.90","149134.30","16274.30","3905.80","155415.00","60708.20","-1.5000","-0.9000","-1.0000","-1.6000","-8.5000","-9.1000","-0.7000","-0.3000","P"
"2022-06","A","38742.50","16540.60","5171.20","33571.20","3765.70","945.00","34976.70","15595.60","3.1000","8.1000","2.7000","3.1000","-4.0000","-2.2000","3.9000","8.8000","P"
"2022-06","B","210431.70","81231.20","27726.20","182705.60","20040.00","4879.20","190391.70","76352.00","-0.7000","0.8000","-0.3000","-0.8000","-7.7000","-7.8000","0.1000","1.4000","P"
"2022-07","B","246301.80","94749.60","32391.50","213910.40","23734.20","5846.70","222567.60","88902.90","-0.2000","1.7000","0.1000","-0.3000","-6.8000","-6.8000","0.5000","2.3000","P"
"2022-07","A","35870.10","13737.10","4665.30","31204.80","3694.20","958.80","32175.90","12778.30","2.7000","6.8000","2.6000","2.7000","-1.5000","-1.2000","3.2000","7.5000","P"
"2022-08","A","36257.90","14017.90","4664.70","31593.20","3747.60","967.40","32510.30","13050.50","5.4000","9.3000","5.0000","5.5000","8.4000","12.9000","5.1000","9.1000","P"
"2022-08","B","282559.70","108653.10","37056.20","245503.50","27481.80","6828.90","255077.90","101824.30","0.5000","2.6000","0.7000","0.4000","-5.0000","-4.4000","1.1000","3.1000","P"
"2022-09","B","320304.60","123844.70","42551.50","277753.10","31249.10","7833.60","289055.50","116011.10","0.7000","3.0000","0.9000","0.7000","-4.6000","-3.9000","1.3000","3.5000","P"
"2022-09","A","37744.90","15234.40","5495.30","32249.50","3767.30","981.60","33977.50","14252.80","2.5000","6.1000","2.3000","2.5000","-1.7000","0.1000","3.0000","6.6000","P"
"2022-10","A","40270.50","14290.60","5374.50","34896.10","4099.40","977.80","36171.20","13312.80","-0.5000","-0.5000","0.2000","-0.6000","-8.1000","-7.7000","0.5000","0.0000","P"
"2022-10","B","360575.10","138115.80","47926.00","312649.10","35348.50","8832.20","325226.60","129283.60","0.6000","2.6000","0.8000","0.5000","-5.0000","-4.3000","1.2000","3.1000","P"
"2022-11","B","399190.20","153895.30","53336.90","345853.30","39783.70","9745.00","359406.50","144150.30","-0.1000","1.7000","0.2000","-0.1000","-5.4000","-4.6000","0.5000","2.1000","P"
"2022-11","A","38615.10","15606.60","5410.90","33204.20","4435.30","888.60","34179.90","14718.00","-5.9000","-5.8000","-5.2000","-6.0000","-8.4000","-7.5000","-5.6000","-5.7000","P"
"2022-12","A","40542.30","17070.70","5947.90","34594.40","4157.10","881.60","36385.30","16189.10","-1.8000","-1.3000","-1.3000","-1.8000","-14.1000","-17.8000","-0.1000","-0.2000","P"
"2022-12","B","439732.50","170903.30","59284.80","380447.70","43940.80","10650.30","395791.70","160253.10","-0.2000","1.4000","0.0000","-0.3000","-6.3000","-5.9000","0.5000","1.9000","P"
"2023-02","B","77067.00","28485.80","10270.70","66796.30","8429.40","2002.20","68637.60","26483.60","3.5000","2.1000","4.5000","3.4000","9.2000","10.2000","2.9000","1.5000","P"
"2023-03","B","114922.40","43691.30","15258.10","99664.30","12136.50","3065.00","102786.00","40626.30","5.8000","4.8000","6.2000","5.7000","13.9000","18.3000","4.9000","3.9000","P"
"2023-03","A","37855.40","15459.10","4987.40","32868.00","3707.10","1076.90","34148.30","14382.20","10.6000","10.1000","10.0000","10.7000","26.3000","37.2000","9.1000","8.5000","P"
"2023-04","B","149832.90","55500.70","19770.70","130062.20","15887.90","4017.50","133945.00","51483.20","8.5000","7.8000","8.6000","8.4000","19.8000","23.9000","7.3000","6.7000","P"
"2023-04","A","34910.50","13228.10","4512.60","30397.90","3751.50","1011.00","31159.00","12217.10","18.4000","19.0000","17.3000","18.6000","43.8000","44.6000","15.9000","17.3000","P"
"2023-05","B","187636.30","68720.60","24668.00","162968.30","19958.00","5085.50","167678.20","63635.10","9.3000","8.7000","9.4000","9.3000","22.6000","25.4000","7.9000","7.5000","P"
"2023-05","A","37803.30","14033.40","4897.20","32906.10","4070.10","1084.50","33733.20","12948.90","12.7000","12.5000","12.8000","12.7000","35.1000","31.4000","10.5000","11.1000","P"
"2023-06","A","39951.40","16658.30","5387.90","34563.50","4370.80","1134.20","35580.60","15524.10","3.1000","2.3000","4.2000","3.0000","16.1000","15.4000","1.7000","1.4000","P"
"2023-06","B","227587.60","85341.30","30055.90","197531.70","24328.90","6229.60","203258.80","79111.70","8.2000","7.4000","8.4000","8.1000","21.4000","23.5000","6.8000","6.3000","P"
"2023-07","A","36760.70","13762.00","4840.60","31920.10","4277.40","1116.50","32483.40","12645.50","2.5000","0.3000","3.8000","2.3000","15.8000","10.9000","1.0000","-0.5000","P"
"2023-07","B","264348.40","98981.80","34896.50","229451.80","28606.20","7364.50","235742.20","91617.20","7.3000","6.4000","7.7000","7.3000","20.5000","21.4000","5.9000","5.3000","P"
"2023-08","A","37932.70","14460.80","4958.90","32973.70","4212.10","1124.90","33720.60","13335.80","4.6000","3.1000","6.3000","4.4000","12.4000","10.4000","3.7000","2.5000","P"
"2023-08","B","302281.00","113364.20","39855.50","262425.50","32818.30","8510.50","269462.80","104853.70","7.0000","5.9000","7.6000","6.9000","19.4000","19.8000","5.6000","5.0000","P"
"2023-09","B","342107.00","129424.60","45696.80","296410.20","37105.00","9701.80","305002.00","119722.80","6.8000","5.9000","7.4000","6.7000","18.7000","18.9000","5.5000","4.9000","P"
"2023-09","A","39826.00","15890.30","5841.30","33984.60","4286.80","1158.40","35539.20","14731.90","5.5000","5.2000","6.3000","5.4000","13.8000","12.8000","4.6000","4.7000","P"
"2023-10","A","43333.00","15362.60","5854.20","37478.80","4799.60","1204.80","38533.40","14157.80","7.6000","8.7000","8.9000","7.4000","17.1000","18.0000","6.5000","7.9000","P"
"2023-10","B","385440.00","144741.90","51551.00","333889.00","41904.60","10941.10","343535.40","133800.80","6.9000","6.1000","7.6000","6.8000","18.5000","18.8000","5.6000","5.2000","P"
"2023-11","A","42505.00","16857.80","5974.80","36530.20","5579.90","1151.70","36925.10","15706.10","10.1000","10.0000","10.4000","10.0000","25.8000","24.6000","8.0000","9.0000","P"
"2023-11","B","427945.00","161540.20","57525.70","370419.20","47484.60","12162.50","380460.40","149377.70","7.2000","6.5000","7.9000","7.1000","19.4000","19.4000","5.9000","5.6000","P"
"2023-12","A","43550.20","17885.40","6479.20","37071.00","5405.10","1252.50","38145.10","16632.90","7.4000","6.6000","8.9000","7.2000","30.0000","37.7000","4.8000","4.8000","P"
"2023-12","B","471495.20","178563.10","64004.90","407490.30","52889.70","13355.90","418605.50","165207.20","7.2000","6.5000","8.0000","7.1000","20.4000","20.9000","5.8000","5.5000","P"
"2024-02","B","81306.90","29919.70","10870.00","70436.90","9481.20","2374.20","71825.70","27545.50","5.5000","6.7000","5.8000","5.5000","12.5000","12.4000","4.6000","6.2000","P"
"2024-03","A","39019.90","15535.10","5176.50","33843.40","3964.00","1173.80","35055.90","14361.30","3.1000","2.6000","3.8000","3.0000","6.9000","3.2000","2.7000","2.5000","P"
"2024-03","B","120326.80","45450.80","16046.50","104280.30","13445.20","3551.10","106881.60","41899.70","4.7000","5.2000","5.2000","4.6000","10.8000","9.2000","4.0000","4.9000","P"
"2024-04","B","156025.80","58873.80","20719.10","135306.70","17360.30","4638.30","138665.50","54235.50","4.1000","4.2000","4.8000","4.0000","9.3000","6.9000","3.5000","4.0000","P"
"2024-04","A","35699.10","13640.90","4672.70","31026.40","3915.20","1099.80","31783.90","12541.10","2.3000","0.9000","3.5000","2.1000","4.4000","0.0000","2.0000","0.9000","P"
"2024-05","B","195236.90","73858.00","25819.00","169417.90","21634.40","5858.20","173602.50","67999.80","4.1000","4.0000","4.7000","4.0000","8.4000","5.9000","3.5000","3.9000","P"
"2024-05","A","39211.00","14988.20","5099.80","34111.20","4274.00","1215.40","34937.00","13772.80","3.7000","3.4000","4.1000","3.7000","5.0000","2.5000","3.6000","3.5000","P"
"2024-06","A","40731.60","16994.00","5590.80","35140.80","4608.50","1285.80","36123.10","15708.20","2.0000","-0.6000","3.8000","1.7000","5.4000","4.0000","1.5000","-1.0000","P"
"2024-06","B","235969.00","91056.90","31409.80","204558.70","26242.90","7192.30","209725.60","83864.60","3.7000","3.1000","4.5000","3.6000","7.9000","5.6000","3.2000","2.9000","P"
"2024-07","A","37757.40","14282.80","5066.00","32691.40","4403.40","1216.50","33354.00","13066.30","2.7000","-0.1000","4.6000","2.4000","3.0000","-0.7000","2.7000","0.0000","P"
"2024-07","B","273725.90","105321.10","36475.50","237250.40","30646.50","8417.90","243079.40","96903.20","3.5000","2.7000","4.5000","3.4000","7.1000","4.6000","3.1000","2.5000","P"
"2024-08","A","38725.80","14925.50","5151.20","33574.60","4351.30","1240.80","34374.50","13684.70","2.1000","-0.6000","3.9000","1.8000","3.3000","0.4000","1.9000","-0.7000","P"
"2024-08","B","312451.70","120304.40","41626.70","270825.00","34997.80","9687.60","277453.90","110616.90","3.4000","2.3000","4.4000","3.2000","6.6000","4.1000","3.0000","2.1000","P"
"2024-09","B","353564.00","137676.50","47694.60","305869.40","39415.40","11037.80","314148.60","126638.70","3.3000","2.3000","4.4000","3.2000","6.2000","3.6000","3.0000","2.2000","P"
"2024-09","A","41112.30","16901.20","6067.90","35044.40","4417.40","1279.00","36694.90","15622.20","3.2000","2.6000","3.9000","3.1000","3.1000","0.7000","3.3000","2.8000","P"
"2024-10","B","398960.30","155131.40","53835.90","345124.40","44367.40","12469.40","354592.90","142662.00","3.5000","2.7000","4.4000","3.4000","5.9000","3.2000","3.2000","2.7000","P"
"2024-10","A","45396.40","16985.50","6141.40","39255.00","4952.10","1321.80","40444.30","15663.70","4.8000","6.2000","4.9000","4.7000","3.2000","-0.3000","5.0000","6.8000","P"
"2024-11","B","442723.30","173397.60","60002.90","382720.40","50169.00","13901.70","392554.30","159495.90","3.5000","2.6000","4.3000","3.3000","5.7000","3.1000","3.2000","2.5000","P"
"2024-11","A","43763.00","17748.10","6167.10","37595.90","5801.60","1296.70","37961.40","16451.40","3.0000","1.3000","3.2000","2.9000","4.0000","2.5000","2.8000","1.2000","P"
"2024-12","A","45171.50","19453.40","6726.50","38445.00","5548.50","1403.20","39623.00","18050.20","3.7000","4.0000","3.8000","3.7000","2.7000","1.2000","3.9000","4.2000","P"
"2024-12","B","487894.80","192552.50","66729.30","421165.50","55717.50","15297.50","432177.30","177255.00","3.5000","2.7000","4.3000","3.4000","5.3000","3.0000","3.2000","2.7000","P"
"2025-02","B","83730.60","31952.50","11268.80","72461.80","9792.00","2618.90","73938.60","29333.60","4.0000","4.3000","4.6000","3.8000","4.3000","3.6000","3.9000","4.4000","P"
"2025-03","B","124671.10","49216.50","16613.90","108057.20","14027.50","3969.00","110643.60","45247.50","4.6000","5.7000","4.9000","4.5000","4.7000","4.7000","4.6000","5.8000","P"
"2025-03","A","40940.50","17239.00","5345.10","35595.40","4235.50","1339.60","36705.00","15899.40","5.9000","8.5000","5.3000","6.0000","5.6000","6.8000","5.9000","8.6000","P"
"2025-04","B","161845.20","64082.20","21411.70","140433.50","18194.40","5197.30","143650.80","58884.90","4.7000","5.9000","4.8000","4.7000","4.8000","4.4000","4.7000","6.0000","P"
"2025-04","A","37174.10","14991.60","4797.80","32376.30","4167.00","1229.50","33007.10","13762.10","5.1000","6.3000","4.7000","5.2000","5.2000","3.7000","5.1000","6.6000","P"
"2025-05","B","203171.00","80749.10","26680.70","176490.30","22772.60","6583.40","180398.40","74165.70","5.0000","6.3000","4.9000","5.1000","5.0000","4.5000","5.1000","6.4000","P"
"2025-05","A","41325.80","16715.80","5269.00","36056.80","4578.20","1374.20","36747.60","15341.60","6.4000","8.0000","5.4000","6.5000","5.9000","4.8000","6.5000","8.2000","P"
"2025-06","B","245458.40","99219.70","32408.70","213049.70","27480.20","7996.30","217978.20","91223.40","5.0000","6.1000","4.9000","5.0000","4.3000","3.6000","5.1000","6.3000","P"
"2025-06","A","42287.40","18327.30","5728.00","36559.40","4707.60","1371.80","37579.80","16955.50","4.8000","5.0000","4.5000","4.8000","0.9000","-0.4000","5.3000","5.5000","P"
